,질문
0,[차량구매]
1,[차량구매]
2,[차량구매]
3,[차량구매]
4,[차량구매]
5,[차량구매]
6,[차량구매]
7,[차량구매]
8,[차량구매]
9,[차량구매]
10,[차량구매]
11,[차량구매]
12,[차량구매]
13,[차량구매]
14,[차량구매]
15,[차량구매]
16,[차량구매]
17,[차량구매]
18,[차량구매]
19,[차량구매]
20,[차량구매]
21,[차량구매]
22,[차량구매]
23,[차량구매]
24,[차량구매]
25,[차량구매]
26,[차량구매]
27,[차량구매]
28,[차량구매]
29,[차량구매]
30,[차량구매]
31,[차량구매]
32,[차량구매]
33,[차량구매]
34,[차량구매]
35,[차량구매]
36,[차량정비]
37,[차량정비]
38,[차량정비]
39,[차량정비]
40,[차량정비]
41,[차량정비]
42,[차량정비]
43,[차량정비]
44,[차량정비]
45,[차량정비]
46,[차량정비]
47,[차량정비]
48,[차량정비]
49,[차량정비]
50,[차량정비]
51,[차량정비]
52,[차량정비]
53,[차량정비]
54,[차량정비]
55,[차량정비]
56,[차량정비]
57,[차량정비]
58,[차량정비]
59,[차량정비]
60,[차량정비]
61,[차량정비]
62,[차량정비]
63,[차량정비]
64,[차량정비]
65,[차량정비]
66,[차량정비]
67,[차량정비]
68,[차량정비]
69,[차량정비]
70,[차량정비]
71,[차량정비]
72,[차량정비]
73,[차량정비]
74,[차량정비]
75,[차량정비]
76,[홈페이지]
77,[홈페이지]
78,[홈페이지]
79,[홈페이지]
80,[홈페이지]
81,[홈페이지]
82,[홈페이지]
83,[홈페이지]
84,[홈페이지]
85,[홈페이지]
86,[홈페이지]
87,[홈페이지]
88,[홈페이지]
89,[홈페이지]
90,[홈페이지]
91,[홈페이지]
92,[홈페이지]
93,[홈페이지]
94,[홈페이지]
95,[홈페이지]
96,[홈페이지]
97,[홈페이지]
98,[홈페이지]
99,[홈페이지]
100,[홈페이지]
101,[홈페이지]
102,[홈페이지]
103,[홈페이지]
104,[홈페이지]
105,[홈페이지]
106,[홈페이지]
107,[홈페이지]
108,[블루멤버스]
109,[블루멤버스]
110,[블루멤버스]
111,[블루멤버스]
112,[블루멤버스]
113,[블루멤버스]
114,[블루멤버스]
115,[블루멤버스]
116,[블루멤버스]
117,[블루멤버스]
118,[블루멤버스]
119,[모젠서비스]
120,[모젠서비스]
121,[모젠서비스]
122,[모젠서비스]
123,[모젠서비스]
124,[모젠서비스]
125,[모젠서비스]
126,[모젠서비스]
127,[모젠서비스]
128,[모젠서비스]
129,[모젠서비스]
130,[모젠서비스]
131,[모젠서비스]
132,[모젠서비스]
133,[모젠서비스]
134,[모젠서비스]
135,[모젠서비스]
136,[모젠서비스]
137,[모젠서비스]
138,[모젠서비스]
139,[모젠서비스]
140,[모젠서비스]
141,[모젠서비스]
142,[모젠서비스]
143,[모젠서비스]
144,[모젠서비스]
145,[모젠서비스]
146,[모젠서비스]
147,[모젠서비스]
148,[모젠서비스]
149,[모젠서비스]
150,[모젠서비스]
151,[모젠서비스]
152,[모젠서비스]
153,[모젠서비스]
154,[모젠서비스]
155,[모젠서비스]
156,[모젠서비스]
157,[모젠서비스]
158,[모젠서비스]
159,[모젠서비스]
160,[모젠서비스]
161,[모젠서비스]
162,[모젠서비스]
163,[모젠서비스]
164,[모젠서비스]
165,[모젠서비스]
166,[모젠서비스]
167,[모젠서비스]
168,[모젠서비스]
169,[모젠서비스]
170,[모젠서비스]
171,[모젠서비스]
172,[모젠서비스]
173,[모젠서비스]
174,[모젠서비스]
175,[모젠서비스]
176,[모젠서비스]
177,[모젠서비스]
178,[모젠서비스]
179,[모젠서비스]
180,[모젠서비스]
181,[모젠서비스]
182,[모젠서비스]
183,[모젠서비스]
184,[모젠서비스]
185,[모젠서비스]
186,[모젠서비스]
187,[모젠서비스]
188,[모젠서비스]
189,[모젠서비스]
190,[모젠서비스]
191,[모젠서비스]
192,[모젠서비스]
193,[모젠서비스]
194,[모젠서비스]
195,[블루링크]
196,[블루링크]
197,[블루링크]
198,[블루링크]
199,[블루링크]
200,[블루링크]
201,[블루링크]
202,[블루링크]
203,[블루링크]
204,[블루링크]
205,[블루링크]
206,[블루링크]
207,[블루링크]
208,[블루링크]
209,[블루링크]
210,[블루링크]
211,[블루링크]
212,[블루링크]
213,[블루링크]
214,[블루링크]
215,[블루링크]
216,[블루링크]
217,[블루링크]
218,[블루링크]
219,[블루링크]
220,[블루링크]
221,[블루링크]
222,[블루링크]
223,[블루링크]
224,[현대 디지털 키]
225,[현대 디지털 키]
226,[현대 디지털 키]
227,[현대 디지털 키]
228,[현대 디지털 키]
229,[현대 디지털 키]
230,[현대 디지털 키]
231,[현대 디지털 키]
232,[현대 디지털 키]
233,[현대 디지털 키]
234,[현대 디지털 키]
235,[현대 디지털 키]
236,[현대 디지털 키]
237,[현대 디지털 키]
238,[현대 디지털 키]
239,[현대 디지털 키]
240,[현대 디지털 키]
241,[빌트인캠]
242,[빌트인캠]
243,[빌트인캠]
244,[빌트인캠]
245,[빌트인캠]
246,[빌트인캠]
247,[빌트인캠]
